strike_price,option_type,total_open_interest,total_usd_notional,global_oi_share_pct
5500.0,CALL,20385,11211750000.0,4.067725585664685
5000.0,CALL,18603,9301500000.0,3.7121363291694935
5200.0,CALL,17475,9087000000.0,3.4870495270782613
4600.0,CALL,18835,8664100000.0,3.7584307778265553
4500.0,CALL,19072,8582400000.0,3.8057229516701923
4900.0,CALL,12290,6022100000.0,2.452408508600391
4800.0,CALL,11975,5748000000.0,2.3895518218461906
4700.0,CALL,11191,5259770000.0,2.2331085125912917
5190.0,CALL,10040,5210760000.0,2.0034321746418167
4750.0,CALL,10080,4788000000.0,2.011413976134414
4400.0,CALL,9654,4247760000.0,1.9264077902382568
4300.0,CALL,9644,4146920000.0,1.9244123398651076
3900.0,PUT,9082,3541980000.0,1.8122680288941213
4000.0,PUT,8410,3364000000.0,1.6781737638184937
5400.0,CALL,6127,3308580000.0,1.222612443628527
4300.0,PUT,7050,3031500000.0,1.4067925130702
3500.0,PUT,8098,2834300000.0,1.6159157121762382
4450.0,CALL,6274,2791930000.0,1.2519455641138206
4350.0,CALL,6222,2706570000.0,1.2415692221734447
4510.0,CALL,5474,2468774000.0,1.092309534261883
5100.0,CALL,4786,2440860000.0,0.9550225485892165
4200.0,CALL,5729,2406180000.0,1.143193518777188
3600.0,PUT,5911,2127960000.0,1.1795107155685038
4100.0,PUT,5103,2092230000.0,1.018278325418047
5250.0,CALL,3922,2059050000.0,0.782615636349124
4550.0,CALL,4521,2057055000.0,0.9021431137007622
4200.0,PUT,4790,2011800000.0,0.9558207287384762
4650.0,CALL,4277,1988805000.0,0.8534541245959213
5300.0,CALL,3680,1950400000.0,0.7343257373189128
4100.0,CALL,4642,1903220000.0,0.9262880632158679
3950.0,PUT,4759,1879805000.0,0.9496348325817137
4250.0,PUT,4292,1824100000.0,0.8564473001556451
3800.0,PUT,4780,1816400000.0,0.9538252783653272
4250.0,CALL,4139,1759075000.0,0.825916909446462
4400.0,PUT,3868,1701920000.0,0.7718402043341183
3700.0,PUT,4437,1641690000.0,0.8853813305663089
3750.0,PUT,4145,1554375000.0,0.8271141796703516
4950.0,CALL,3064,1516680000.0,0.611405994332921
4050.0,PUT,3672,1487160000.0,0.7327293770203935
3850.0,PUT,3161,1216985000.0,0.6307618629524683
4150.0,PUT,2881,1195615000.0,0.5748892525042901
3400.0,PUT,3461,1176740000.0,0.6906253741469449
4850.0,CALL,2418,1172730000.0,0.4824999002274813
4910.0,CALL,2244,1101804000.0,0.44777906373468496
4150.0,CALL,2598,1078170000.0,0.5184180069441673
3550.0,PUT,2943,1044765000.0,0.5872610448178154
4500.0,PUT,2239,1007550000.0,0.4467813385481103
3650.0,PUT,2634,961410000.0,0.5256016282875045
4050.0,CALL,2301,931905000.0,0.4591531308616355
4325.0,PUT,2060,890950000.0,0.41106277686873927
4350.0,PUT,1977,859995000.0,0.39450053877160074
5050.0,CALL,1611,813555000.0,0.3214670551143393
4025.0,PUT,1869,752272500.0,0.3729496747415892
4375.0,CALL,1712,749000000.0,0.3416211038831464
4600.0,PUT,1523,700580000.0,0.3039070918306262
4575.0,CALL,1522,696315000.0,0.30370754679331124
4475.0,CALL,1480,662300000.0,0.29532665522608453
4425.0,CALL,1482,655785000.0,0.2957257453007144
4450.0,PUT,1473,655485000.0,0.2939298399648801
4680.0,CALL,1365,638820000.0,0.2723789759348685
4175.0,CALL,1529,638357500.0,0.30510436205451574
4075.0,PUT,1512,616140000.0,0.30171209642016206
4580.0,CALL,1311,600438000.0,0.26160354391986274
5150.0,CALL,1160,597400000.0,0.2314722432853095
3450.0,PUT,1643,566835000.0,0.3278524963084168
5350.0,CALL,1049,561215000.0,0.20932274414335317
4325.0,CALL,1291,558357500.0,0.25761264317356425
4385.0,PUT,1266,555141000.0,0.2526240172406912
4525.0,CALL,1196,541190000.0,0.2386558646286467
4675.0,CALL,1132,529210000.0,0.22588498224049167
5450.0,CALL,901,491045000.0,0.1797900786207447
4125.0,PUT,1175,484687500.0,0.23446541884503333
4800.0,PUT,983,471840000.0,0.19615277168056833
4375.0,PUT,1035,452812500.0,0.20652911362094425
4225.0,CALL,1028,434330000.0,0.20513229835973978
4130.0,PUT,1038,428694000.0,0.20712774873288903
4825.0,CALL,887,427977500.0,0.17699644809833578
5000.0,PUT,854,427000000.0,0.17041146186694336
4275.0,CALL,985,421087500.0,0.19655186175519818
4080.0,PUT,1008,411264000.0,0.20114139761344135
4625.0,CALL,885,409312500.0,0.17659735802370594
4225.0,PUT,943,398417500.0,0.1881709701879714
3300.0,PUT,1202,396660000.0,0.2398531348525362
4700.0,PUT,826,388220000.0,0.16482420082212557
4110.0,PUT,939,385929000.0,0.18737279003871174
4640.0,CALL,830,385120000.0,0.16562238097138524
4270.0,CALL,900,384300000.0,0.17959053358342977
4130.0,CALL,908,375004000.0,0.18118689388194917
4725.0,CALL,786,371385000.0,0.15684239932952868
3825.0,PUT,964,368730000.0,0.1923614159715848
4110.0,CALL,896,368256000.0,0.1787923534341701
4125.0,CALL,891,367537500.0,0.17779462824759548
3875.0,PUT,941,364637500.0,0.1877718801133416
3480.0,PUT,1020,354960000.0,0.20353593806122042
4275.0,PUT,828,353970000.0,0.16522329089675541
4425.0,PUT,790,349575000.0,0.15764057947878837
4780.0,CALL,721,344638000.0,0.14387197190405876
4335.0,PUT,787,341164500.0,0.1570419443668436
5475.0,CALL,607,332332500.0,0.12112383765015763
4175.0,PUT,768,320640000.0,0.1532505886578601
4490.0,CALL,692,310708000.0,0.138085165821926
4620.0,CALL,667,308154000.0,0.13309653988905296
3975.0,PUT,754,299715000.0,0.15045695813545118
3730.0,PUT,791,295043000.0,0.1578401245161033
4925.0,CALL,599,295007500.0,0.11952747735163828
3925.0,PUT,750,294375000.0,0.14965877798619148
4160.0,PUT,684,284544000.0,0.13648880552340664
4460.0,CALL,632,281872000.0,0.1261124635830307
4265.0,PUT,660,281490000.0,0.1316997246278485
4775.0,CALL,585,279337500.0,0.11673384682922935
4320.0,PUT,634,273888000.0,0.12651155365766054
4585.0,CALL,580,265930000.0,0.11573612164265475
4550.0,PUT,582,264810000.0,0.1161352117172846
4595.0,CALL,565,259617500.0,0.11274294608293092
5230.0,CALL,491,256793000.0,0.0979766133216267
4330.0,CALL,590,255470000.0,0.11773157201580398
4535.0,CALL,553,250785500.0,0.11034840563515186
4220.0,CALL,582,245604000.0,0.1161352117172846
3350.0,PUT,732,245220000.0,0.1460669673145229
3585.0,PUT,681,244138500.0,0.13589017041146187
4120.0,PUT,592,243904000.0,0.11813066209043381
4975.0,CALL,488,242780000.0,0.09737797820968193
4390.0,PUT,545,239255000.0,0.10875204533663248
4420.0,CALL,535,236470000.0,0.10675659496348325
4990.0,CALL,472,235528000.0,0.09418525761264317
3250.0,PUT,724,235300000.0,0.1444706070160035
3945.0,PUT,589,232360500.0,0.11753202697848905
4620.0,PUT,500,231000000.0,0.09977251865746098
3725.0,PUT,611,227597500.0,0.12192201779941733
4480.0,CALL,506,226688000.0,0.10096978888135051
4180.0,CALL,542,226556000.0,0.1081534102246877
4000.0,CALL,557,222800000.0,0.11114658578441154
4380.0,CALL,493,215934000.0,0.09837570339625654
4040.0,PUT,530,214120000.0,0.10575886977690865
4075.0,CALL,523,213122500.0,0.1043620545157042
3980.0,PUT,527,209746000.0,0.1051602346649639
4505.0,CALL,459,206779500.0,0.09159117212754919
4230.0,PUT,486,205578000.0,0.09697888813505208
4190.0,PUT,487,204053000.0,0.097178433172367
4415.0,CALL,461,203531500.0,0.09199026220217903
3775.0,PUT,539,203472500.0,0.10755477511274295
4270.0,PUT,473,201971000.0,0.09438480264995809
4805.0,CALL,420,201810000.0,0.08380891567226724
4750.0,PUT,423,200925000.0,0.084407550784212
4280.0,PUT,459,196452000.0,0.09159117212754919
4495.0,CALL,435,195532500.0,0.08680209123199106
3960.0,PUT,492,194832000.0,0.09817615835894163
4315.0,PUT,446,192449000.0,0.0889970866424552
4960.0,CALL,376,186496000.0,0.07502893403041067
4585.0,PUT,405,185692500.0,0.0808157401125434
4735.0,CALL,389,184191500.0,0.07762301951550464
3475.0,PUT,528,183480000.0,0.10535977970227882
4525.0,PUT,405,183262500.0,0.0808157401125434
4260.0,PUT,423,180198000.0,0.084407550784212
4190.0,CALL,428,179332000.0,0.0854052759707866
4320.0,CALL,413,178416000.0,0.08241210041106278
4080.0,CALL,435,177480000.0,0.08680209123199106
3675.0,PUT,481,176767500.0,0.09598116294847747
4390.0,CALL,401,176039000.0,0.08001755996328372
4165.0,PUT,421,175346500.0,0.08400846070958215
4560.0,CALL,382,174192000.0,0.0762262042543002
4370.0,CALL,396,173052000.0,0.07901983477670911
3735.0,PUT,461,172183500.0,0.09199026220217903
4245.0,CALL,405,171922500.0,0.0808157401125434
4115.0,PUT,414,170361000.0,0.08261164544837771
4650.0,PUT,364,169260000.0,0.0726343935826316
4920.0,CALL,344,169248000.0,0.06864349283633316
4295.0,CALL,392,168364000.0,0.07822165462744941
4135.0,CALL,405,167467500.0,0.0808157401125434
4240.0,CALL,390,165360000.0,0.07782256455281956
4415.0,PUT,371,163796500.0,0.07403120884383604
4365.0,PUT,370,161505000.0,0.07383166380652113
4520.0,CALL,357,161364000.0,0.07123757832142714
3760.0,PUT,428,160928000.0,0.0854052759707866
4215.0,PUT,380,160170000.0,0.07582711417967035
4185.0,PUT,381,159448500.0,0.07602665921698527
4590.0,CALL,347,159273000.0,0.06924212794827793
3920.0,PUT,405,158760000.0,0.0808157401125434
4635.0,CALL,332,153882000.0,0.0662489523885541
3970.0,PUT,387,153639000.0,0.0772239294408748
4705.0,CALL,326,153383000.0,0.06505168216466456
3755.0,PUT,408,153204000.0,0.08141437522448816
4440.0,CALL,344,152736000.0,0.06864349283633316
4515.0,CALL,337,152155500.0,0.0672466775751287
5275.0,CALL,288,151920000.0,0.057468970746697524
4610.0,CALL,329,151669000.0,0.06565031727660933
4260.0,CALL,353,150378000.0,0.07043939817216745
5025.0,CALL,299,150247500.0,0.05966396615716168
4465.0,CALL,336,150024000.0,0.06704713253781378
4630.0,CALL,324,150012000.0,0.06465259209003472
4070.0,PUT,367,149369000.0,0.07323302869457637
3910.0,PUT,382,149362000.0,0.0762262042543002
5195.0,CALL,287,149096500.0,0.05726942570938261
4385.0,CALL,339,148651500.0,0.06764576764975855
4290.0,PUT,345,148005000.0,0.06884303787364808
4395.0,CALL,334,146793000.0,0.06664804246318394
4060.0,PUT,361,146566000.0,0.07203575847068683
4820.0,CALL,302,145564000.0,0.06026260126910643
4860.0,CALL,292,141912000.0,0.058267150895957215
3805.0,PUT,372,141546000.0,0.07423075388115097
5425.0,CALL,257,139422500.0,0.051283074589934946
4730.0,CALL,294,139062000.0,0.058666240970587064
4240.0,PUT,326,138224000.0,0.06505168216466456
4485.0,CALL,306,137241000.0,0.06106078141836612
4555.0,CALL,300,136650000.0,0.059863511194476596
4545.0,CALL,300,136350000.0,0.059863511194476596
3425.0,PUT,395,135287500.0,0.07882028973939419
4615.0,CALL,293,135219500.0,0.05846669593327214
4435.0,CALL,304,134824000.0,0.06066169134373628
4645.0,CALL,285,132382500.0,0.05687033563475276
5435.0,CALL,241,130983500.0,0.0480903539928962
5455.0,CALL,239,130374500.0,0.04769126391826635
4975.0,PUT,262,130345000.0,0.05228079977650956
3895.0,PUT,333,129703500.0,0.06644849742586903
4890.0,CALL,263,128607000.0,0.052480344813824485
4020.0,PUT,319,128238000.0,0.0636548669034601
4025.0,CALL,317,127592500.0,0.06325577682883027
4340.0,PUT,293,127162000.0,0.05846669593327214
4090.0,PUT,309,126381000.0,0.061659416530310894
3615.0,PUT,349,126163500.0,0.06964121802290778
4210.0,PUT,297,125037000.0,0.05926487608253183
4030.0,CALL,310,124930000.0,0.06185896156762581
4470.0,CALL,279,124713000.0,0.05567306541086323
4290.0,CALL,290,124410000.0,0.05786806082132737
4005.0,PUT,310,124155000.0,0.06185896156762581
4105.0,CALL,299,122739500.0,0.05966396615716168
4145.0,PUT,296,122692000.0,0.059065331045216905
4925.0,PUT,249,122632500.0,0.049686714291415565
3375.0,PUT,363,122512500.0,0.07243484854531668
4310.0,CALL,284,122404000.0,0.056670790597437834
3705.0,PUT,328,121524000.0,0.06545077223929441
4430.0,CALL,274,121382000.0,0.05467534022428862
4760.0,CALL,255,121380000.0,0.050883984515305104
4900.0,PUT,247,121030000.0,0.04928762421678573
4895.0,CALL,246,120417000.0,0.04908807917947081
3765.0,PUT,319,120103500.0,0.0636548669034601
4995.0,CALL,239,119380500.0,0.04769126391826635
3940.0,PUT,299,117806000.0,0.05966396615716168
3935.0,PUT,299,117656500.0,0.05966396615716168
3715.0,PUT,316,117394000.0,0.06305623179151534
4315.0,CALL,272,117368000.0,0.05427625014965878
4220.0,PUT,278,117316000.0,0.055473520373548316
4690.0,CALL,250,117250000.0,0.04988625932873049
4515.0,PUT,259,116938500.0,0.051682164664564795
5400.0,PUT,215,116100000.0,0.04290218302270823
3820.0,PUT,302,115364000.0,0.06026260126910643
4875.0,CALL,236,115050000.0,0.04709262880632158
5390.0,CALL,213,114807000.0,0.04250309294807838
5050.0,PUT,227,114635000.0,0.04529672347048729
3655.0,PUT,311,113670500.0,0.062058506604940736
4135.0,PUT,274,113299000.0,0.05467534022428862
4115.0,CALL,275,113162500.0,0.05487488526160354
4540.0,CALL,249,113046000.0,0.049686714291415565
5200.0,PUT,216,112320000.0,0.043101728060023145
4430.0,PUT,252,111636000.0,0.05028534940336034
4265.0,CALL,260,110890000.0,0.05188170970187972
4410.0,PUT,251,110691000.0,0.050085804366045414
3915.0,PUT,282,110403000.0,0.056271700522808
4710.0,CALL,232,109272000.0,0.0462944486570619
5460.0,PUT,200,109200000.0,0.0399090074629844
3995.0,PUT,271,108264500.0,0.05407670511234385
4365.0,CALL,247,107815500.0,0.04928762421678573
5250.0,PUT,202,106050000.0,0.04030809753761424
3965.0,PUT,267,105865500.0,0.05327852496308416
5025.0,PUT,210,105525000.0,0.04190445783613362
4120.0,CALL,256,105472000.0,0.05108352955262003
4790.0,CALL,220,105380000.0,0.043899908209282835
3580.0,PUT,291,104178000.0,0.0580676058586423
4405.0,CALL,235,103517500.0,0.046893083769006666
4640.0,PUT,223,103472000.0,0.0444985433212276
4530.0,CALL,228,103284000.0,0.04549626850780221
3525.0,PUT,291,102577500.0,0.0580676058586423
3890.0,PUT,263,102307000.0,0.052480344813824485
4720.0,CALL,216,101952000.0,0.043101728060023145
4410.0,CALL,231,101871000.0,0.046094903619746976
4060.0,CALL,250,101500000.0,0.04988625932873049
5345.0,CALL,189,101020500.0,0.03771401205252026
4205.0,PUT,240,100920000.0,0.047890808955581274
4570.0,CALL,219,100083000.0,0.04370036317196791
3460.0,PUT,288,99648000.0,0.057468970746697524
4905.0,CALL,202,99081000.0,0.04030809753761424
4835.0,CALL,204,98634000.0,0.04070718761224408
4095.0,PUT,240,98280000.0,0.047890808955581274
4180.0,PUT,235,98230000.0,0.046893083769006666
3465.0,PUT,283,98059500.0,0.05647124556012292
5080.0,CALL,192,97536000.0,0.03831264716446502
4395.0,PUT,221,97129500.0,0.04409945324659775
3840.0,PUT,251,96384000.0,0.050085804366045414
3845.0,PUT,250,96125000.0,0.04988625932873049
4625.0,PUT,207,95737500.0,0.041305822724188854
3955.0,PUT,242,95711000.0,0.04828989903021112
3510.0,PUT,264,92664000.0,0.05267988985113941
4140.0,PUT,223,92322000.0,0.0444985433212276
4445.0,CALL,207,92011500.0,0.041305822724188854
3745.0,PUT,245,91752500.0,0.04888853414215589
4605.0,CALL,199,91639500.0,0.03970946242566947
4380.0,PUT,208,91104000.0,0.04150536776150377
5300.0,PUT,170,90100000.0,0.033922656343536736
3670.0,PUT,243,89181000.0,0.04848944406752604
4105.0,PUT,216,88668000.0,0.043101728060023145
4040.0,CALL,219,88476000.0,0.04370036317196791
4715.0,CALL,187,88170500.0,0.03731492197789041
4475.0,PUT,197,88157500.0,0.03931037235103963
3985.0,PUT,221,88068500.0,0.04409945324659775
5030.0,CALL,175,88025000.0,0.03492038153011135
4670.0,CALL,188,87796000.0,0.03751446701520533
4915.0,CALL,175,86012500.0,0.03492038153011135
4755.0,PUT,180,85590000.0,0.03591810671668596
3810.0,PUT,224,85344000.0,0.044698088358542526
3680.0,PUT,231,85008000.0,0.046094903619746976
4090.0,CALL,207,84663000.0,0.041305822724188854
4755.0,CALL,177,84163500.0,0.035319471604741186
4285.0,PUT,195,83557500.0,0.03891128227640978
4030.0,PUT,205,82615000.0,0.040906732649559005
4420.0,PUT,186,82212000.0,0.037115376940575484
4360.0,PUT,188,81968000.0,0.03751446701520533
5005.0,CALL,163,81581500.0,0.03252584108233228
4160.0,CALL,196,81536000.0,0.03911082731372471
4035.0,PUT,202,81507000.0,0.04030809753761424
4255.0,CALL,191,81270500.0,0.0381131021271501
4565.0,CALL,178,81257000.0,0.03551901664205611
4580.0,PUT,177,81066000.0,0.035319471604741186
3795.0,PUT,213,80833500.0,0.04250309294807838
4665.0,CALL,173,80704500.0,0.0345212914554815
5040.0,CALL,160,80640000.0,0.031927205970387514
3815.0,PUT,211,80496500.0,0.04210400287344854
4370.0,PUT,184,80408000.0,0.03671628686594565
4210.0,CALL,190,79990000.0,0.037913557089835175
3720.0,PUT,215,79980000.0,0.04290218302270823
4810.0,CALL,166,79846000.0,0.03312447619427705
4280.0,CALL,186,79608000.0,0.037115376940575484
4055.0,PUT,195,79072500.0,0.03891128227640978
3780.0,PUT,209,79002000.0,0.041704912798818695
4980.0,CALL,158,78684000.0,0.03152811589575767
4835.0,PUT,158,76393000.0,0.03152811589575767
5075.0,CALL,150,76125000.0,0.029931755597238298
5175.0,CALL,147,76072500.0,0.029333120485293532
4555.0,PUT,167,76068500.0,0.03332402123159197
4880.0,CALL,155,75640000.0,0.030929480783812906
4140.0,CALL,182,75348000.0,0.0363171967913158
4195.0,PUT,179,75090500.0,0.035718561679371034
4775.0,PUT,157,74967500.0,0.031328570858442754
4340.0,CALL,171,74214000.0,0.03412220138085166
3885.0,PUT,190,73815000.0,0.037913557089835175
4235.0,CALL,174,73689000.0,0.03472083649279643
4065.0,PUT,181,73576500.0,0.036117651754000876
4360.0,CALL,168,73248000.0,0.03352356626890689
3535.0,PUT,207,73174500.0,0.041305822724188854
4095.0,CALL,178,72891000.0,0.03551901664205611
4355.0,CALL,167,72728500.0,0.03332402123159197
3560.0,PUT,203,72268000.0,0.040507642574929156
5420.0,CALL,133,72086000.0,0.02653948996288462
4305.0,CALL,167,71893500.0,0.03332402123159197
4970.0,CALL,143,71071000.0,0.02853494033603384
4455.0,CALL,159,70834500.0,0.03172766093307259
5110.0,CALL,138,70518000.0,0.027537215149459233
4830.0,CALL,145,70035000.0,0.028934030410663687
4335.0,CALL,161,69793500.0,0.03212675100770244
4885.0,CALL,142,69367000.0,0.028335395298718917
4520.0,PUT,153,69156000.0,0.03053039070918306
3595.0,PUT,192,69024000.0,0.03831264716446502
5180.0,CALL,132,68376000.0,0.026339944925569705
4815.0,CALL,142,68373000.0,0.028335395298718917
4285.0,CALL,159,68131500.0,0.03172766093307259
4085.0,CALL,166,67811000.0,0.03312447619427705
4440.0,PUT,152,67488000.0,0.03033084567186814
4435.0,PUT,151,66968500.0,0.030131300634553215
3860.0,PUT,171,66006000.0,0.03412220138085166
4655.0,CALL,141,65635500.0,0.028135850261404
4725.0,PUT,138,65205000.0,0.027537215149459233
4065.0,CALL,160,65040000.0,0.031927205970387514
3710.0,PUT,174,64554000.0,0.03472083649279643
4660.0,CALL,138,64308000.0,0.027537215149459233
4330.0,PUT,148,64084000.0,0.029532665522608453
4165.0,CALL,153,63724500.0,0.03053039070918306
4230.0,CALL,150,63450000.0,0.029931755597238298
3625.0,PUT,175,63437500.0,0.03492038153011135
4840.0,CALL,131,63404000.0,0.02614039988825478
4255.0,PUT,149,63399500.0,0.029732210559923377
4235.0,PUT,149,63101500.0,0.029732210559923377
3865.0,PUT,163,62999500.0,0.03252584108233228
4745.0,CALL,132,62634000.0,0.026339944925569705
4010.0,PUT,156,62556000.0,0.03112902582112783
3740.0,PUT,167,62458000.0,0.03332402123159197
5245.0,CALL,119,62415500.0,0.023745859440475716
4205.0,CALL,148,62234000.0,0.029532665522608453
5360.0,CALL,115,61640000.0,0.022947679291216026
3690.0,PUT,167,61623000.0,0.03332402123159197
4490.0,PUT,137,61513000.0,0.02733767011214431
4170.0,PUT,147,61299000.0,0.029333120485293532
4940.0,CALL,124,61256000.0,0.024743584627050327
3660.0,PUT,167,61122000.0,0.03332402123159197
3990.0,PUT,152,60648000.0,0.03033084567186814
3665.0,PUT,165,60472500.0,0.03292493115696213
3905.0,PUT,154,60137000.0,0.030729935746497985
3575.0,PUT,168,60060000.0,0.03352356626890689
4765.0,CALL,126,60039000.0,0.02514267470168017
4155.0,CALL,143,59416500.0,0.02853494033603384
4085.0,PUT,145,59232500.0,0.028934030410663687
4185.0,CALL,141,59008500.0,0.028135850261404
5125.0,CALL,115,58937500.0,0.022947679291216026
5060.0,CALL,115,58190000.0,0.022947679291216026
4245.0,PUT,135,57307500.0,0.026938580037514467
3515.0,PUT,163,57294500.0,0.03252584108233228
5105.0,CALL,112,57176000.0,0.022349044179271263
4170.0,CALL,137,57129000.0,0.02733767011214431
3610.0,PUT,158,57038000.0,0.03152811589575767
4305.0,PUT,132,56826000.0,0.026339944925569705
4785.0,CALL,117,55984500.0,0.02334676936584587
4015.0,PUT,139,55808500.0,0.027736760186774158
3930.0,PUT,140,55020000.0,0.02793630522408908
4825.0,PUT,114,55005000.0,0.022748134253901105
3640.0,PUT,151,54964000.0,0.030131300634553215
4560.0,PUT,119,54264000.0,0.023745859440475716
3785.0,PUT,143,54125500.0,0.02853494033603384
5360.0,PUT,100,53600000.0,0.0199545037314922
4870.0,CALL,110,53570000.0,0.021949954104641418
3835.0,PUT,138,52923000.0,0.027537215149459233
3545.0,PUT,148,52466000.0,0.029532665522608453
3540.0,PUT,148,52392000.0,0.029532665522608453
4020.0,CALL,130,52260000.0,0.02594085485093986
4535.0,PUT,115,52152500.0,0.022947679291216026
4760.0,PUT,109,51884000.0,0.021750409067326497
5460.0,CALL,95,51870000.0,0.018956778544917587
5115.0,CALL,100,51150000.0,0.0199545037314922
4685.0,CALL,109,51066500.0,0.021750409067326497
4850.0,PUT,105,50925000.0,0.02095222891806681
5075.0,PUT,100,50750000.0,0.0199545037314922
4155.0,PUT,120,49860000.0,0.023945404477790637
3605.0,PUT,138,49749000.0,0.027537215149459233
3645.0,PUT,136,49572000.0,0.02713812507482939
4405.0,PUT,112,49336000.0,0.022349044179271263
3390.0,PUT,140,47460000.0,0.02793630522408908
3565.0,PUT,133,47414500.0,0.02653948996288462
4735.0,PUT,100,47350000.0,0.0199545037314922
4965.0,CALL,95,47167500.0,0.018956778544917587
4935.0,CALL,95,46882500.0,0.018956778544917587
5070.0,CALL,91,46137000.0,0.0181585983956579
3830.0,PUT,119,45577000.0,0.023745859440475716
4460.0,PUT,102,45492000.0,0.02035359380612204
3695.0,PUT,123,45448500.0,0.024544039589735406
3880.0,PUT,116,45008000.0,0.02314722432853095
4045.0,PUT,111,44899500.0,0.02214949914195634
4930.0,CALL,91,44863000.0,0.0181585983956579
4565.0,PUT,98,44737000.0,0.019555413656862353
3855.0,PUT,116,44718000.0,0.02314722432853095
3685.0,PUT,120,44220000.0,0.023945404477790637
5020.0,CALL,88,44176000.0,0.017559963283713134
5135.0,CALL,86,44161000.0,0.01716087320908329
4770.0,CALL,92,43884000.0,0.018358143432972825
5120.0,CALL,83,42496000.0,0.016562238097138526
4985.0,CALL,84,41874000.0,0.016761783134453444
4310.0,PUT,97,41807000.0,0.019355868619547432
4530.0,PUT,92,41676000.0,0.018358143432972825
4845.0,CALL,85,41182500.0,0.016961328171768368
4070.0,CALL,101,41107000.0,0.02015404876880712
3770.0,PUT,108,40716000.0,0.021550864030011573
5210.0,CALL,77,40117000.0,0.015364967873248992
4355.0,PUT,92,40066000.0,0.018358143432972825
5325.0,CALL,75,39937500.0,0.014965877798619149
5330.0,CALL,74,39442000.0,0.014766332761304226
4005.0,CALL,98,39249000.0,0.019555413656862353
4145.0,CALL,94,38963000.0,0.018757233507602666
4465.0,PUT,87,38845500.0,0.017360418246398213
4345.0,CALL,89,38670500.0,0.017759508321028055
3700.0,CALL,104,38480000.0,0.020752683880751886
4215.0,CALL,91,38356500.0,0.0181585983956579
4855.0,CALL,79,38354500.0,0.015764057947878836
4015.0,CALL,95,38142500.0,0.018956778544917587
5160.0,CALL,73,37668000.0,0.014566787723989304
5215.0,CALL,72,37548000.0,0.014367242686674381
3570.0,PUT,105,37485000.0,0.02095222891806681
4795.0,CALL,78,37401000.0,0.015564512910563915
5370.0,CALL,69,37053000.0,0.013768607574729617
4495.0,PUT,82,36859000.0,0.016362693059823602
3325.0,PUT,110,36575000.0,0.021949954104641418
4865.0,CALL,74,36001000.0,0.014766332761304226
3870.0,PUT,93,35991000.0,0.018557688470287742
5405.0,CALL,66,35673000.0,0.013169972462784852
4455.0,PUT,80,35640000.0,0.015963602985193757
5355.0,CALL,66,35343000.0,0.013169972462784852
5280.0,CALL,66,34848000.0,0.013169972462784852
5465.0,CALL,63,34429500.0,0.012571337350840085
4035.0,CALL,85,34297500.0,0.016961328171768368
5480.0,CALL,62,33976000.0,0.012371792313525164
4470.0,PUT,76,33972000.0,0.01516542283593407
4695.0,CALL,72,33804000.0,0.014367242686674381
4665.0,PUT,72,33588000.0,0.014367242686674381
4345.0,PUT,77,33456500.0,0.015364967873248992
5380.0,CALL,62,33356000.0,0.012371792313525164
3620.0,PUT,92,33304000.0,0.018358143432972825
4595.0,PUT,71,32624500.0,0.014167697649359458
3790.0,PUT,86,32594000.0,0.01716087320908329
5015.0,CALL,64,32096000.0,0.012770882388155007
5335.0,CALL,58,30943000.0,0.011573612164265475
4810.0,PUT,64,30784000.0,0.012770882388155007
4955.0,CALL,62,30721000.0,0.012371792313525164
5445.0,CALL,56,30492000.0,0.011174522089635631
3440.0,PUT,88,30272000.0,0.017559963283713134
5375.0,CALL,56,30100000.0,0.011174522089635631
5085.0,CALL,59,30001500.0,0.011773157201580396
4605.0,PUT,64,29472000.0,0.012770882388155007
3250.0,CALL,90,29250000.0,0.01795905335834298
3520.0,PUT,83,29216000.0,0.016562238097138526
5395.0,CALL,54,29133000.0,0.010775432015005786
4545.0,PUT,64,29088000.0,0.012770882388155007
5485.0,CALL,53,29070500.0,0.010575886977690864
3630.0,PUT,80,29040000.0,0.015963602985193757
4790.0,PUT,60,28740000.0,0.011972702238895318
3410.0,PUT,84,28644000.0,0.016761783134453444
4680.0,PUT,61,28548000.0,0.012172247276210241
5165.0,CALL,55,28407500.0,0.010974977052320709
4575.0,PUT,62,28365000.0,0.012371792313525164
4945.0,CALL,57,28186500.0,0.011374067126950552
4195.0,CALL,67,28106500.0,0.013369517500099772
4295.0,PUT,65,27917500.0,0.01297042742546993
5480.0,PUT,50,27400000.0,0.0099772518657461
5465.0,PUT,50,27325000.0,0.0099772518657461
3485.0,PUT,77,26834500.0,0.015364967873248992
3530.0,PUT,75,26475000.0,0.014965877798619149
5010.0,CALL,52,26052000.0,0.010376341940375943
5315.0,CALL,49,26043500.0,0.009777706828431177
5365.0,CALL,48,25752000.0,0.009578161791116256
3360.0,PUT,76,25536000.0,0.01516542283593407
5140.0,CALL,49,25186000.0,0.009777706828431177
5035.0,CALL,50,25175000.0,0.0099772518657461
3900.0,CALL,64,24960000.0,0.012770882388155007
4445.0,PUT,55,24447500.0,0.010974977052320709
3555.0,PUT,67,23818500.0,0.013369517500099772
3445.0,PUT,69,23770500.0,0.013768607574729617
3280.0,PUT,72,23616000.0,0.014367242686674381
4815.0,PUT,49,23593500.0,0.009777706828431177
5225.0,CALL,44,22990000.0,0.008779981641856567
3405.0,PUT,67,22813500.0,0.013369517500099772
3590.0,PUT,63,22617000.0,0.012571337350840085
5095.0,CALL,44,22418000.0,0.008779981641856567
4055.0,CALL,54,21897000.0,0.010775432015005786
3505.0,PUT,62,21731000.0,0.012371792313525164
5170.0,CALL,42,21714000.0,0.008380891567226722
3385.0,PUT,64,21664000.0,0.012770882388155007
5270.0,CALL,41,21607000.0,0.008181346529911801
5145.0,CALL,41,21094500.0,0.008181346529911801
4740.0,CALL,44,20856000.0,0.008779981641856567
4570.0,PUT,45,20565000.0,0.00897952667917149
5045.0,CALL,40,20180000.0,0.007981801492596878
5265.0,CALL,38,20007000.0,0.007582711417967035
4630.0,PUT,43,19909000.0,0.008580436604541644
5340.0,CALL,37,19758000.0,0.007383166380652113
5320.0,CALL,36,19152000.0,0.0071836213433371906
5020.0,PUT,38,19076000.0,0.007582711417967035
3395.0,PUT,54,18333000.0,0.010775432015005786
5385.0,CALL,34,18309000.0,0.006784531268707347
5375.0,PUT,34,18275000.0,0.006784531268707347
5065.0,CALL,36,18234000.0,0.0071836213433371906
3950.0,CALL,46,18170000.0,0.009179071716486412
5410.0,CALL,33,17853000.0,0.006584986231392426
4950.0,PUT,36,17820000.0,0.0071836213433371906
5500.0,PUT,32,17600000.0,0.006385441194077504
5220.0,CALL,33,17226000.0,0.006584986231392426
3490.0,PUT,48,16752000.0,0.009578161791116256
3650.0,CALL,44,16060000.0,0.008779981641856567
4995.0,PUT,32,15984000.0,0.006385441194077504
5155.0,CALL,31,15980500.0,0.006185896156762582
5295.0,CALL,30,15885000.0,0.005986351119447659
4935.0,PUT,32,15792000.0,0.006385441194077504
5090.0,CALL,31,15779000.0,0.006185896156762582
5430.0,CALL,29,15747000.0,0.0057868060821327375
4510.0,PUT,34,15334000.0,0.006784531268707347
3420.0,PUT,44,15048000.0,0.008779981641856567
5440.0,CALL,27,14688000.0,0.005387716007502893
4845.0,PUT,30,14535000.0,0.005986351119447659
4670.0,PUT,31,14477000.0,0.006185896156762582
4940.0,PUT,29,14326000.0,0.0057868060821327375
5285.0,CALL,27,14269500.0,0.005387716007502893
4045.0,CALL,35,14157500.0,0.00698407630602227
5240.0,CALL,27,14148000.0,0.005387716007502893
5185.0,CALL,27,13999500.0,0.005387716007502893
5415.0,CALL,25,13537500.0,0.00498862593287305
3255.0,PUT,41,13345500.0,0.008181346529911801
3495.0,PUT,38,13281000.0,0.007582711417967035
5305.0,CALL,25,13262500.0,0.00498862593287305
4715.0,PUT,27,12730500.0,0.005387716007502893
4480.0,PUT,28,12544000.0,0.005587261044817816
3320.0,PUT,37,12284000.0,0.007383166380652113
4875.0,PUT,25,12187500.0,0.00498862593287305
5235.0,CALL,23,12040500.0,0.004589535858243206
3340.0,PUT,36,12024000.0,0.0071836213433371906
4010.0,CALL,29,11629000.0,0.0057868060821327375
4820.0,PUT,24,11568000.0,0.004789080895558128
5255.0,CALL,22,11561000.0,0.0043899908209282835
3985.0,CALL,29,11556500.0,0.0057868060821327375
4610.0,PUT,25,11525000.0,0.00498862593287305
3265.0,PUT,35,11427500.0,0.00698407630602227
3245.0,PUT,35,11357500.0,0.00698407630602227
4675.0,PUT,24,11220000.0,0.004789080895558128
4485.0,PUT,25,11212500.0,0.00498862593287305
5055.0,CALL,22,11121000.0,0.0043899908209282835
3430.0,PUT,32,10976000.0,0.006385441194077504
5370.0,PUT,20,10740000.0,0.003990900746298439
3960.0,CALL,27,10692000.0,0.005387716007502893
3335.0,PUT,32,10672000.0,0.006385441194077504
3635.0,PUT,29,10541500.0,0.0057868060821327375
4505.0,PUT,23,10361500.0,0.004589535858243206
4930.0,PUT,21,10353000.0,0.004190445783613361
3980.0,CALL,26,10348000.0,0.005188170970187971
5130.0,CALL,20,10260000.0,0.003990900746298439
4615.0,PUT,22,10153000.0,0.0043899908209282835
5310.0,CALL,19,10089000.0,0.0037913557089835175
3225.0,PUT,31,9997500.0,0.006185896156762582
3415.0,PUT,29,9903500.0,0.0057868060821327375
3365.0,PUT,29,9758500.0,0.0057868060821327375
5290.0,CALL,18,9522000.0,0.0035918106716685953
3275.0,PUT,29,9497500.0,0.0057868060821327375
3935.0,CALL,24,9444000.0,0.004789080895558128
3295.0,PUT,28,9226000.0,0.005587261044817816
4655.0,PUT,19,8844500.0,0.0037913557089835175
3330.0,PUT,26,8658000.0,0.005188170970187971
4660.0,PUT,18,8388000.0,0.0035918106716685953
3600.0,CALL,23,8280000.0,0.004589535858243206
3270.0,PUT,25,8175000.0,0.00498862593287305
3345.0,PUT,24,8028000.0,0.004789080895558128
4830.0,PUT,16,7728000.0,0.003192720597038752
5470.0,CALL,14,7658000.0,0.002793630522408908
3990.0,CALL,19,7581000.0,0.0037913557089835175
3215.0,PUT,22,7073000.0,0.0043899908209282835
3500.0,CALL,20,7000000.0,0.003990900746298439
3785.0,CALL,18,6813000.0,0.0035918106716685953
4540.0,PUT,15,6810000.0,0.0029931755597238296
4855.0,PUT,14,6797000.0,0.002793630522408908
5205.0,CALL,13,6766500.0,0.0025940854850939857
3975.0,CALL,17,6757500.0,0.0033922656343536735
3920.0,CALL,17,6664000.0,0.0033922656343536735
4965.0,PUT,13,6454500.0,0.0025940854850939857
4880.0,PUT,13,6344000.0,0.0025940854850939857
3470.0,PUT,18,6246000.0,0.0035918106716685953
4705.0,PUT,13,6116500.0,0.0025940854850939857
3380.0,PUT,18,6084000.0,0.0035918106716685953
3370.0,PUT,18,6066000.0,0.0035918106716685953
4645.0,PUT,13,6038500.0,0.0025940854850939857
3800.0,CALL,15,5700000.0,0.0029931755597238296
3995.0,CALL,14,5593000.0,0.002793630522408908
3285.0,PUT,17,5584500.0,0.0033922656343536735
3240.0,PUT,17,5508000.0,0.0033922656343536735
3230.0,PUT,17,5491000.0,0.0033922656343536735
4860.0,PUT,11,5346000.0,0.0021949954104641418
4805.0,PUT,11,5285500.0,0.0021949954104641418
3940.0,CALL,13,5122000.0,0.0025940854850939857
3455.0,PUT,14,4837000.0,0.002793630522408908
3435.0,PUT,14,4809000.0,0.002793630522408908
3315.0,PUT,14,4641000.0,0.002793630522408908
3310.0,PUT,14,4634000.0,0.002793630522408908
4770.0,PUT,9,4293000.0,0.0017959053358342976
4635.0,PUT,9,4171500.0,0.0017959053358342976
5055.0,PUT,8,4044000.0,0.001596360298519376
5035.0,PUT,8,4028000.0,0.001596360298519376
3925.0,CALL,10,3925000.0,0.0019954503731492196
3890.0,CALL,10,3890000.0,0.0019954503731492196
4685.0,PUT,8,3748000.0,0.001596360298519376
5100.0,PUT,7,3570000.0,0.001396815261204454
3965.0,CALL,9,3568500.0,0.0017959053358342976
4795.0,PUT,7,3356500.0,0.001396815261204454
4730.0,PUT,7,3311000.0,0.001396815261204454
3290.0,PUT,10,3290000.0,0.0019954503731492196
4690.0,PUT,7,3283000.0,0.001396815261204454
5395.0,PUT,6,3237000.0,0.001197270223889532
4590.0,PUT,7,3213000.0,0.001396815261204454
3520.0,CALL,9,3168000.0,0.0017959053358342976
5095.0,PUT,6,3057000.0,0.001197270223889532
3355.0,PUT,9,3019500.0,0.0017959053358342976
4980.0,PUT,6,2988000.0,0.001197270223889532
4895.0,PUT,6,2937000.0,0.001197270223889532
3235.0,PUT,9,2911500.0,0.0017959053358342976
4720.0,PUT,6,2832000.0,0.001197270223889532
4710.0,PUT,6,2826000.0,0.001197270223889532
5490.0,CALL,5,2745000.0,0.0009977251865746098
5260.0,CALL,5,2630000.0,0.0009977251865746098
5195.0,PUT,5,2597500.0,0.0009977251865746098
4920.0,PUT,5,2460000.0,0.0009977251865746098
4780.0,PUT,5,2390000.0,0.0009977251865746098
5415.0,PUT,4,2166000.0,0.000798180149259688
4915.0,PUT,4,1966000.0,0.000798180149259688
4885.0,PUT,4,1954000.0,0.000798180149259688
3260.0,PUT,5,1630000.0,0.0009977251865746098
3870.0,CALL,4,1548000.0,0.000798180149259688
3305.0,PUT,4,1322000.0,0.000798180149259688
3955.0,CALL,3,1186500.0,0.000598635111944766
3910.0,CALL,3,1173000.0,0.000598635111944766
3875.0,CALL,3,1162500.0,0.000598635111944766
5495.0,CALL,2,1099000.0,0.000399090074629844
5470.0,PUT,2,1094000.0,0.000399090074629844
5265.0,PUT,2,1053000.0,0.000399090074629844
5150.0,PUT,2,1030000.0,0.000399090074629844
3400.0,CALL,3,1020000.0,0.000598635111944766
5070.0,PUT,2,1014000.0,0.000399090074629844
4960.0,PUT,2,992000.0,0.000399090074629844
4910.0,PUT,2,982000.0,0.000399090074629844
4840.0,PUT,2,968000.0,0.000399090074629844
3220.0,PUT,3,966000.0,0.000598635111944766
4740.0,PUT,2,948000.0,0.000399090074629844
4695.0,PUT,2,939000.0,0.000399090074629844
3945.0,CALL,2,789000.0,0.000399090074629844
3930.0,CALL,2,786000.0,0.000399090074629844
3825.0,CALL,2,765000.0,0.000399090074629844
3745.0,CALL,2,749000.0,0.000399090074629844
3615.0,CALL,2,723000.0,0.000399090074629844
3550.0,CALL,2,710000.0,0.000399090074629844
5475.0,PUT,1,547500.0,0.000199545037314922
5295.0,PUT,1,529500.0,0.000199545037314922
5290.0,PUT,1,529000.0,0.000199545037314922
5260.0,PUT,1,526000.0,0.000199545037314922
5240.0,PUT,1,524000.0,0.000199545037314922
5230.0,PUT,1,523000.0,0.000199545037314922
5010.0,PUT,1,501000.0,0.000199545037314922
4955.0,PUT,1,495500.0,0.000199545037314922
3860.0,CALL,1,386000.0,0.000199545037314922
3850.0,CALL,1,385000.0,0.000199545037314922
3840.0,CALL,1,384000.0,0.000199545037314922
3795.0,CALL,1,379500.0,0.000199545037314922
3750.0,CALL,1,375000.0,0.000199545037314922
3690.0,CALL,1,369000.0,0.000199545037314922
3570.0,CALL,1,357000.0,0.000199545037314922
3445.0,CALL,1,344500.0,0.000199545037314922
3425.0,CALL,1,342500.0,0.000199545037314922
3405.0,CALL,1,340500.0,0.000199545037314922
3395.0,CALL,1,339500.0,0.000199545037314922
3390.0,CALL,1,339000.0,0.000199545037314922
3340.0,CALL,1,334000.0,0.000199545037314922
3300.0,CALL,1,330000.0,0.000199545037314922
3235.0,CALL,1,323500.0,0.000199545037314922
